session,time,month,open,high,low,close,lots
night,1500,202610,46594,46620,46540,46540,295
night,1501,202610,46539,46558,46538,46545,77
night,1502,202610,46548,46566,46542,46542,56
night,1503,202610,46546,46575,46546,46568,58
night,1504,202610,46561,46578,46561,46578,21
night,1505,202610,46578,46600,46577,46591,69
night,1506,202610,46594,46622,46594,46622,102
night,1507,202610,46622,46647,46621,46643,107
night,1508,202610,46642,46645,46630,46642,53
night,1509,202610,46636,46644,46628,46636,18
night,1510,202610,46641,46663,46636,46660,86
night,1511,202610,46661,46666,46650,46650,40
night,1512,202610,46649,46660,46649,46658,25
night,1513,202610,46659,46663,46637,46637,43
night,1514,202610,46640,46646,46639,46645,29
night,1515,202610,46645,46646,46638,46639,25
night,1516,202610,46643,46672,46640,46670,69
night,1517,202610,46680,46694,46672,46694,104
night,1518,202610,46694,46696,46685,46685,57
night,1519,202610,46684,46686,46680,46680,25
night,1520,202610,46680,46682,46665,46680,42
night,1521,202610,46682,46682,46660,46663,11
night,1522,202610,46660,46682,46660,46676,28
night,1523,202610,46681,46693,46680,46693,25
night,1524,202610,46694,46696,46685,46692,27
night,1525,202610,46684,46696,46684,46688,19
night,1526,202610,46687,46707,46687,46698,42
night,1527,202610,46701,46708,46699,46705,36
night,1528,202610,46707,46719,46707,46715,57
night,1529,202610,46713,46716,46710,46710,10
night,1530,202610,46710,46730,46710,46712,65
night,1531,202610,46712,46722,46710,46716,36
night,1532,202610,46712,46719,46702,46713,23
night,1533,202610,46709,46710,46701,46705,16
night,1534,202610,46706,46707,46703,46703,10
night,1535,202610,46700,46700,46685,46687,24
night,1536,202610,46689,46702,46686,46700,24
night,1537,202610,46697,46700,46693,46695,25
night,1538,202610,46695,46695,46692,46694,3
night,1539,202610,46691,46695,46690,46694,11
night,1540,202610,46693,46696,46689,46692,33
night,1541,202610,46693,46705,46691,46698,30
night,1542,202610,46698,46703,46694,46703,27
night,1543,202610,46705,46716,46705,46711,29
night,1544,202610,46707,46707,46704,46706,8
night,1545,202610,46700,46704,46692,46697,30
night,1546,202610,46700,46702,46698,46698,7
night,1547,202610,46698,46705,46698,46705,5
night,1548,202610,46706,46709,46705,46708,16
night,1549,202610,46701,46701,46694,46694,23
night,1550,202610,46690,46690,46677,46680,37
night,1551,202610,46685,46687,46682,46684,11
night,1552,202610,46680,46680,46673,46677,7
night,1553,202610,46676,46677,46674,46674,7
night,1554,202610,46675,46675,46662,46665,20
night,1555,202610,46660,46660,46646,46647,31
night,1556,202610,46646,46647,46636,46640,52
night,1557,202610,46640,46647,46640,46646,8
night,1558,202610,46643,46653,46642,46649,18
night,1559,202610,46652,46657,46652,46654,9
night,1600,202610,46653,46666,46647,46647,44
night,1601,202610,46662,46662,46636,46641,21
night,1602,202610,46647,46670,46645,46670,32
night,1603,202610,46669,46669,46647,46647,13
night,1604,202610,46652,46660,46649,46657,17
night,1605,202610,46654,46659,46644,46650,15
night,1606,202610,46656,46662,46656,46658,8
night,1607,202610,46656,46668,46656,46668,21
night,1608,202610,46663,46663,46658,46659,14
night,1609,202610,46661,46661,46649,46655,9
night,1610,202610,46656,46662,46635,46645,37
night,1611,202610,46645,46646,46637,46643,19
night,1612,202610,46639,46639,46620,46620,43
night,1613,202610,46619,46619,46597,46609,138
night,1614,202610,46616,46621,46616,46620,13
night,1615,202610,46620,46626,46618,46620,16
night,1616,202610,46624,46627,46617,46622,18
night,1617,202610,46621,46634,46609,46611,29
night,1618,202610,46609,46609,46590,46592,43
night,1619,202610,46595,46600,46591,46594,18
night,1620,202610,46595,46605,46593,46605,12
night,1621,202610,46605,46605,46602,46605,8
night,1622,202610,46606,46620,46604,46613,20
night,1623,202610,46610,46615,46610,46610,13
night,1624,202610,46607,46621,46607,46621,17
night,1625,202610,46620,46633,46620,46628,27
night,1626,202610,46632,46645,46632,46642,30
night,1627,202610,46645,46646,46636,46643,25
night,1628,202610,46640,46642,46637,46641,8
night,1629,202610,46643,46663,46643,46661,36
night,1630,202610,46664,46665,46653,46653,36
night,1631,202610,46652,46668,46652,46661,36
night,1632,202610,46656,46656,46650,46650,7
night,1633,202610,46650,46661,46650,46653,7
night,1634,202610,46654,46674,46654,46674,30
night,1635,202610,46674,46684,46674,46677,32
night,1636,202610,46675,46680,46674,46680,8
night,1637,202610,46680,46693,46680,46693,35
night,1638,202610,46686,46689,46683,46685,20
night,1639,202610,46682,46698,46682,46698,8
night,1640,202610,46697,46700,46688,46688,18
night,1641,202610,46680,46680,46675,46675,5
night,1642,202610,46677,46685,46677,46678,9
night,1643,202610,46678,46688,46678,46685,26
night,1645,202610,46689,46693,46685,46693,6
night,1646,202610,46695,46704,46694,46700,34
night,1647,202610,46702,46715,46700,46708,31
night,1648,202610,46712,46713,46709,46711,15
night,1649,202610,46711,46716,46711,46715,17
night,1650,202610,46717,46718,46714,46717,15
night,1651,202610,46714,46714,46710,46710,10
night,1652,202610,46715,46715,46705,46708,16
night,1653,202610,46710,46725,46705,46725,36
night,1654,202610,46724,46737,46716,46721,51
night,1655,202610,46721,46728,46719,46721,28
night,1656,202610,46722,46722,46716,46721,10
night,1657,202610,46718,46721,46718,46721,3
night,1658,202610,46722,46726,46718,46722,14
night,1659,202610,46718,46718,46714,46717,14
night,1700,202610,46715,46731,46715,46730,27
night,1701,202610,46734,46750,46730,46750,78
night,1702,202610,46749,46749,46730,46730,24
night,1703,202610,46732,46740,46724,46739,38
night,1704,202610,46733,46740,46730,46736,16
night,1705,202610,46736,46744,46736,46742,39
night,1706,202610,46742,46745,46742,46745,11
night,1707,202610,46746,46762,46746,46756,145
night,1708,202610,46753,46753,46746,46750,22
night,1709,202610,46749,46751,46743,46750,21
night,1710,202610,46751,46780,46751,46780,89
night,1711,202610,46780,46783,46777,46781,25
night,1712,202610,46780,46788,46780,46782,57
night,1713,202610,46783,46783,46757,46757,75
night,1714,202610,46759,46759,46752,46752,14
night,1715,202610,46751,46759,46750,46751,23
night,1716,202610,46750,46750,46739,46743,42
night,1717,202610,46742,46745,46740,46742,18
night,1718,202610,46744,46760,46744,46746,20
night,1719,202610,46747,46747,46733,46737,11
night,1720,202610,46737,46747,46737,46743,10
night,1721,202610,46743,46743,46737,46741,11
night,1722,202610,46736,46738,46736,46738,4
night,1723,202610,46735,46736,46734,46734,10
night,1724,202610,46737,46739,46736,46736,5
night,1725,202610,46736,46738,46730,46735,18
night,1726,202610,46733,46737,46733,46733,5
night,1727,202610,46737,46747,46737,46745,38
night,1728,202610,46748,46751,46742,46746,15
night,1729,202610,46743,46743,46731,46738,26
night,1730,202610,46739,46742,46737,46739,12
night,1731,202610,46738,46750,46738,46742,47
night,1732,202610,46741,46741,46733,46739,10
night,1733,202610,46739,46739,46738,46738,6
night,1734,202610,46739,46747,46739,46745,29
night,1735,202610,46745,46752,46745,46752,27
night,1736,202610,46748,46759,46748,46751,33
night,1737,202610,46751,46755,46751,46755,9
night,1738,202610,46755,46762,46755,46757,80
night,1739,202610,46759,46764,46753,46753,18
night,1740,202610,46751,46764,46749,46759,23
night,1741,202610,46755,46755,46754,46755,5
night,1742,202610,46755,46765,46755,46765,8
night,1743,202610,46759,46760,46757,46759,14
night,1744,202610,46762,46770,46762,46766,23
night,1745,202610,46758,46764,46758,46760,7
night,1746,202610,46757,46763,46751,46757,15
night,1747,202610,46754,46754,46746,46749,33
night,1748,202610,46749,46749,46734,46745,10
night,1749,202610,46743,46744,46741,46744,8
night,1750,202610,46751,46758,46750,46752,9
night,1751,202610,46749,46756,46749,46756,7
night,1752,202610,46755,46755,46752,46755,5
night,1753,202610,46753,46753,46753,46753,1
night,1754,202610,46754,46754,46753,46753,5
night,1755,202610,46756,46760,46755,46755,10
night,1756,202610,46751,46751,46747,46750,10
night,1757,202610,46754,46755,46751,46752,7
night,1758,202610,46748,46748,46743,46743,6
night,1759,202610,46743,46744,46741,46741,5
night,1800,202610,46742,46742,46738,46742,9
night,1801,202610,46743,46743,46737,46740,11
night,1802,202610,46738,46738,46735,46738,8
night,1803,202610,46738,46746,46738,46745,21
night,1804,202610,46743,46745,46743,46745,4
night,1805,202610,46743,46750,46743,46750,5
night,1806,202610,46745,46752,46745,46752,11
night,1807,202610,46754,46762,46754,46762,15
night,1808,202610,46758,46767,46758,46767,6
night,1809,202610,46765,46765,46753,46753,19
night,1810,202610,46751,46751,46744,46750,8
night,1811,202610,46756,46774,46753,46770,44
night,1812,202610,46768,46768,46767,46767,3
night,1813,202610,46759,46769,46759,46764,19
night,1814,202610,46766,46766,46763,46763,8
night,1815,202610,46756,46762,46755,46762,6
night,1816,202610,46759,46759,46759,46759,3
night,1817,202610,46758,46758,46758,46758,1
night,1818,202610,46757,46762,46757,46758,8
night,1819,202610,46756,46756,46741,46744,28
night,1820,202610,46748,46756,46748,46756,7
night,1821,202610,46753,46760,46753,46756,6
night,1823,202610,46759,46774,46759,46774,12
night,1824,202610,46774,46792,46770,46787,64
night,1825,202610,46790,46794,46782,46787,52
night,1826,202610,46787,46789,46786,46787,11
night,1827,202610,46786,46789,46783,46789,7
night,1828,202610,46786,46793,46786,46792,12
night,1829,202610,46795,46799,46775,46779,53
night,1830,202610,46781,46793,46781,46788,45
night,1831,202610,46786,46786,46779,46779,11
night,1832,202610,46776,46778,46772,46778,6
night,1833,202610,46781,46783,46781,46783,3
night,1834,202610,46779,46779,46770,46770,17
night,1835,202610,46770,46781,46770,46781,7
night,1836,202610,46781,46788,46781,46788,5
night,1837,202610,46786,46790,46784,46790,7
night,1838,202610,46789,46789,46785,46785,4
night,1839,202610,46788,46789,46788,46789,2
night,1840,202610,46787,46787,46781,46781,7
night,1841,202610,46781,46781,46771,46771,8
night,1842,202610,46770,46770,46752,46752,104
night,1843,202610,46756,46760,46756,46760,10
night,1844,202610,46760,46765,46760,46764,9
night,1845,202610,46764,46765,46764,46765,5
night,1846,202610,46762,46762,46759,46759,4
night,1847,202610,46755,46765,46755,46765,44
night,1848,202610,46760,46761,46757,46757,3
night,1849,202610,46755,46757,46753,46757,12
night,1850,202610,46763,46774,46763,46770,34
night,1851,202610,46775,46782,46775,46776,57
night,1852,202610,46775,46778,46775,46778,3
night,1853,202610,46772,46773,46772,46773,2
night,1854,202610,46773,46775,46773,46775,2
night,1855,202610,46770,46775,46769,46775,5
night,1856,202610,46777,46783,46777,46779,5
night,1857,202610,46780,46793,46779,46793,56
night,1858,202610,46792,46799,46788,46798,25
night,1859,202610,46800,46823,46798,46811,160
night,1900,202610,46812,46828,46804,46828,94
night,1901,202610,46830,46840,46825,46826,66
night,1902,202610,46822,46831,46818,46830,19
night,1903,202610,46833,46834,46826,46831,20
night,1904,202610,46831,46836,46827,46834,16
night,1905,202610,46833,46836,46830,46832,14
night,1906,202610,46830,46830,46825,46825,7
night,1907,202610,46822,46827,46819,46827,41
night,1908,202610,46822,46823,46818,46823,12
night,1909,202610,46819,46819,46812,46817,24
night,1910,202610,46815,46818,46815,46816,4
night,1911,202610,46814,46814,46799,46801,39
night,1912,202610,46805,46805,46800,46800,14
night,1913,202610,46799,46815,46799,46815,17
night,1914,202610,46812,46817,46812,46817,12
night,1915,202610,46823,46825,46817,46817,17
night,1916,202610,46812,46812,46806,46808,9
night,1917,202610,46806,46806,46798,46798,16
night,1918,202610,46797,46797,46790,46790,33
night,1919,202610,46798,46798,46798,46798,2
night,1920,202610,46798,46810,46796,46810,19
night,1921,202610,46805,46805,46803,46805,5
night,1922,202610,46802,46802,46799,46799,10
night,1923,202610,46795,46799,46788,46799,16
night,1924,202610,46798,46798,46795,46795,4
night,1925,202610,46787,46790,46783,46783,16
night,1926,202610,46781,46795,46778,46795,34
night,1927,202610,46798,46800,46796,46797,7
night,1928,202610,46799,46800,46799,46800,4
night,1929,202610,46804,46810,46804,46810,9
night,1930,202610,46810,46811,46808,46808,9
night,1931,202610,46807,46813,46805,46805,7
night,1932,202610,46804,46814,46804,46814,7
night,1933,202610,46808,46808,46807,46807,2
night,1934,202610,46807,46807,46807,46807,2
night,1935,202610,46811,46813,46811,46813,7
night,1936,202610,46814,46814,46813,46813,2
night,1937,202610,46809,46809,46799,46801,11
night,1938,202610,46805,46805,46805,46805,1
night,1939,202610,46814,46816,46814,46816,4
night,1940,202610,46809,46813,46804,46806,13
night,1941,202610,46806,46806,46802,46802,3
night,1942,202610,46804,46809,46804,46808,8
night,1943,202610,46809,46815,46807,46811,12
night,1944,202610,46812,46812,46797,46797,15
night,1945,202610,46796,46796,46793,46796,6
night,1946,202610,46800,46807,46799,46800,11
night,1947,202610,46795,46795,46790,46792,3
night,1948,202610,46796,46800,46790,46798,13
night,1949,202610,46800,46800,46795,46795,2
night,1950,202610,46790,46790,46786,46787,13
night,1951,202610,46790,46799,46790,46799,6
night,1952,202610,46799,46799,46798,46798,2
night,1953,202610,46799,46799,46799,46799,1
night,1954,202610,46808,46825,46808,46822,39
night,1955,202610,46821,46830,46821,46822,25
night,1956,202610,46812,46813,46804,46813,14
night,1957,202610,46812,46817,46812,46817,2
night,1958,202610,46818,46893,46818,46880,389
night,1959,202610,46876,46917,46871,46905,177
night,2000,202610,46902,46920,46887,46895,153
night,2001,202610,46893,46902,46874,46874,76
night,2002,202610,46874,46877,46848,46864,59
night,2003,202610,46853,46853,46843,46845,41
night,2004,202610,46852,46907,46852,46888,151
night,2005,202610,46891,46934,46888,46920,89
night,2006,202610,46916,46921,46900,46914,73
night,2007,202610,46910,46918,46896,46913,64
night,2008,202610,46917,46930,46917,46930,47
night,2009,202610,46931,46962,46931,46958,124
night,2010,202610,46961,46978,46951,46957,104
night,2011,202610,46955,46964,46954,46957,32
night,2012,202610,46962,46964,46955,46962,34
night,2013,202610,46963,46970,46958,46970,33
night,2014,202610,46970,46970,46960,46960,15
night,2015,202610,46961,46965,46958,46960,21
night,2016,202610,46958,46963,46954,46963,50
night,2017,202610,46965,46983,46963,46976,50
night,2018,202610,46977,46985,46970,46980,24
night,2019,202610,46983,46993,46975,46991,51
night,2020,202610,46992,47003,46988,46999,129
night,2021,202610,46997,47009,46990,46993,70
night,2022,202610,46995,46995,46988,46992,47
night,2023,202610,46990,46995,46986,46994,40
night,2024,202610,46996,46997,46984,46984,25
night,2025,202610,46988,46994,46968,46994,60
night,2026,202610,46992,47010,46990,47006,69
night,2027,202610,47000,47011,47000,47002,44
night,2028,202610,47009,47027,47002,47019,104
night,2029,202610,47019,47026,47013,47023,27
night,2030,202610,47021,47055,47000,47040,258
night,2031,202610,47039,47050,47034,47044,117
night,2032,202610,47041,47057,47037,47037,87
night,2033,202610,47037,47060,47027,47056,71
night,2034,202610,47058,47077,47057,47073,107
night,2035,202610,47066,47066,47047,47053,52
night,2036,202610,47053,47055,47036,47040,26
night,2037,202610,47037,47043,47035,47039,28
night,2038,202610,47039,47043,47036,47043,24
night,2039,202610,47037,47051,47033,47050,16
night,2040,202610,47053,47058,47047,47047,13
night,2041,202610,47045,47050,47040,47040,22
night,2042,202610,47040,47041,47028,47035,20
night,2043,202610,47037,47039,47035,47035,19
night,2044,202610,47032,47032,47011,47011,62
night,2045,202610,47010,47013,47006,47010,44
night,2046,202610,47008,47014,47008,47009,15
night,2047,202610,47011,47014,47008,47008,17
night,2048,202610,47009,47019,47006,47017,30
night,2049,202610,47015,47021,47015,47021,15
night,2050,202610,47021,47035,47020,47028,35
night,2051,202610,47029,47047,47029,47037,37
night,2052,202610,47038,47039,47032,47038,16
night,2053,202610,47036,47043,47035,47043,24
night,2054,202610,47041,47045,47036,47039,25
night,2055,202610,47039,47041,47033,47035,22
night,2056,202610,47033,47040,47032,47040,9
night,2057,202610,47041,47045,47041,47041,11
night,2058,202610,47036,47039,47033,47035,14
night,2059,202610,47035,47035,47034,47034,4
night,2100,202610,47032,47070,47030,47068,74
night,2101,202610,47068,47070,47056,47058,37
night,2102,202610,47060,47070,47060,47070,25
night,2103,202610,47068,47074,47068,47072,39
night,2104,202610,47070,47072,47050,47050,43
night,2105,202610,47053,47054,47048,47048,8
night,2106,202610,47043,47043,47032,47038,38
night,2107,202610,47044,47044,47038,47038,27
night,2108,202610,47038,47053,47038,47040,54
night,2109,202610,47044,47044,47034,47034,26
night,2110,202610,47034,47039,47026,47026,13
night,2111,202610,47027,47041,47020,47036,91
night,2112,202610,47042,47046,47033,47037,32
night,2113,202610,47034,47043,47034,47043,20
night,2114,202610,47036,47050,47036,47045,34
night,2115,202610,47050,47053,47050,47053,20
night,2116,202610,47050,47050,47038,47038,27
night,2117,202610,47040,47040,47036,47037,10
night,2118,202610,47042,47048,47039,47043,37
night,2119,202610,47040,47040,47035,47035,6
night,2120,202610,47036,47039,47034,47036,6
night,2121,202610,47035,47036,47018,47021,21
night,2122,202610,47022,47022,47015,47018,17
night,2123,202610,47015,47015,47009,47009,20
night,2124,202610,47011,47011,47008,47010,20
night,2125,202610,47015,47015,47003,47011,52
night,2126,202610,47013,47013,47007,47012,12
night,2127,202610,47011,47013,46984,46992,82
night,2128,202610,46994,47000,46988,47000,44
night,2129,202610,46996,46998,46990,46997,31
night,2130,202610,47000,47046,47000,47040,188
night,2131,202610,47038,47038,46992,47006,255
night,2132,202610,47010,47011,46973,47003,133
night,2133,202610,47001,47005,46975,46976,56
night,2134,202610,46983,47000,46981,46995,74
night,2135,202610,46998,47029,46995,47020,87
night,2136,202610,47022,47028,46998,47021,62
night,2137,202610,47022,47022,46987,47003,80
night,2138,202610,46999,47005,46975,46983,72
night,2139,202610,46979,46979,46959,46959,105
night,2140,202610,46958,46990,46956,46982,83
night,2141,202610,46987,47000,46975,46980,49
night,2142,202610,46978,47007,46975,47007,44
night,2143,202610,47006,47020,46988,47001,95
night,2144,202610,47007,47021,46998,47010,65
night,2145,202610,47011,47033,47006,47022,100
night,2146,202610,47012,47058,47011,47054,160
night,2147,202610,47047,47075,47043,47070,150
night,2148,202610,47073,47084,47056,47062,155
night,2149,202610,47060,47062,47038,47061,90
night,2150,202610,47065,47115,47061,47113,170
night,2151,202610,47116,47119,47064,47101,134
night,2152,202610,47093,47097,47082,47082,38
night,2153,202610,47085,47103,47085,47100,40
night,2154,202610,47102,47126,47097,47101,128
night,2155,202610,47101,47115,47096,47100,62
night,2156,202610,47099,47099,47082,47097,48
night,2157,202610,47097,47097,47085,47093,36
night,2158,202610,47097,47097,47085,47085,15
night,2159,202610,47089,47108,47083,47108,40
night,2200,202610,47108,47111,47090,47094,86
night,2201,202610,47088,47098,47067,47095,107
night,2202,202610,47086,47086,47058,47070,57
night,2203,202610,47066,47079,47045,47079,82
night,2204,202610,47077,47081,47050,47072,82
night,2205,202610,47071,47081,47062,47076,45
night,2206,202610,47073,47087,47071,47071,41
night,2207,202610,47068,47070,47037,47044,69
night,2208,202610,47044,47065,47041,47062,50
night,2209,202610,47061,47070,47061,47062,14
night,2210,202610,47060,47078,47059,47059,35
night,2211,202610,47062,47078,47058,47075,26
night,2212,202610,47073,47082,47069,47081,17
night,2213,202610,47076,47108,47076,47108,90
night,2214,202610,47108,47122,47108,47117,82
night,2215,202610,47117,47133,47114,47121,96
night,2216,202610,47125,47147,47125,47135,121
night,2217,202610,47135,47137,47122,47129,39
night,2218,202610,47123,47132,47116,47121,31
night,2219,202610,47121,47122,47096,47101,54
night,2220,202610,47110,47112,47090,47093,51
night,2221,202610,47095,47100,47093,47093,13
night,2222,202610,47096,47096,47085,47092,32
night,2223,202610,47094,47101,47094,47097,28
night,2224,202610,47102,47106,47094,47097,23
night,2225,202610,47093,47095,47087,47089,14
night,2226,202610,47099,47112,47097,47112,33
night,2227,202610,47111,47118,47109,47118,29
night,2228,202610,47116,47120,47095,47096,34
night,2229,202610,47094,47095,47076,47076,23
night,2230,202610,47081,47084,47072,47083,56
night,2231,202610,47086,47087,47070,47070,44
night,2232,202610,47071,47080,47066,47080,25
night,2233,202610,47085,47098,47085,47094,30
night,2234,202610,47096,47114,47095,47109,43
night,2235,202610,47110,47110,47100,47105,26
night,2236,202610,47104,47108,47100,47105,17
night,2237,202610,47101,47103,47101,47103,8
night,2238,202610,47109,47115,47106,47107,15
night,2239,202610,47100,47100,47094,47095,13
night,2240,202610,47095,47106,47092,47106,17
night,2241,202610,47100,47110,47098,47110,12
night,2242,202610,47107,47110,47105,47108,6
night,2243,202610,47098,47099,47090,47090,16
night,2244,202610,47090,47091,47085,47090,19
night,2245,202610,47090,47094,47086,47094,13
night,2246,202610,47092,47095,47083,47085,17
night,2247,202610,47082,47086,47072,47073,32
night,2248,202610,47076,47082,47076,47080,13
night,2249,202610,47074,47079,47058,47079,41
night,2250,202610,47072,47083,47069,47069,29
night,2251,202610,47069,47081,47069,47078,14
night,2252,202610,47072,47072,47051,47051,32
night,2253,202610,47052,47057,47045,47045,40
night,2254,202610,47045,47050,47035,47045,63
night,2255,202610,47046,47056,47041,47041,31
night,2256,202610,47042,47042,47025,47041,44
night,2257,202610,47047,47059,47047,47051,21
night,2258,202610,47052,47066,47052,47060,24
night,2259,202610,47057,47057,47042,47044,33
night,2300,202610,47044,47055,47033,47052,37
night,2301,202610,47046,47060,47046,47058,16
night,2302,202610,47055,47067,47051,47067,22
night,2303,202610,47069,47077,47069,47070,27
night,2304,202610,47070,47075,47066,47066,6
night,2305,202610,47065,47071,47059,47068,16
night,2306,202610,47062,47069,47057,47069,5
night,2307,202610,47066,47080,47064,47080,27
night,2308,202610,47081,47093,47081,47090,28
night,2309,202610,47091,47091,47084,47089,19
night,2310,202610,47085,47090,47078,47078,27
night,2311,202610,47078,47081,47074,47077,28
night,2312,202610,47078,47083,47075,47083,6
night,2313,202610,47075,47092,47075,47092,23
night,2314,202610,47086,47092,47086,47092,16
night,2315,202610,47090,47090,47079,47079,27
night,2316,202610,47079,47081,47073,47078,16
night,2317,202610,47073,47074,47064,47070,13
night,2318,202610,47070,47070,47060,47060,20
night,2319,202610,47055,47057,47047,47057,22
night,2320,202610,47053,47060,47048,47054,18
night,2321,202610,47053,47066,47050,47056,13
night,2322,202610,47054,47058,47048,47058,9
night,2323,202610,47061,47065,47061,47065,5
night,2324,202610,47065,47073,47065,47069,9
night,2325,202610,47074,47092,47074,47088,28
night,2326,202610,47089,47089,47082,47085,10
night,2327,202610,47080,47086,47077,47086,11
night,2328,202610,47080,47090,47080,47090,8
night,2329,202610,47093,47104,47093,47097,75
night,2330,202610,47100,47108,47097,47105,68
night,2331,202610,47108,47110,47098,47102,28
night,2332,202610,47100,47100,47088,47088,15
night,2333,202610,47085,47089,47084,47084,9
night,2334,202610,47082,47100,47080,47100,25
night,2335,202610,47096,47108,47096,47099,29
night,2336,202610,47100,47102,47098,47101,13
night,2337,202610,47102,47102,47100,47100,7
night,2338,202610,47098,47098,47091,47092,26
night,2339,202610,47093,47096,47093,47096,2
night,2340,202610,47098,47110,47098,47110,21
night,2341,202610,47111,47121,47108,47117,43
night,2342,202610,47119,47119,47113,47113,16
night,2343,202610,47113,47114,47110,47112,13
night,2344,202610,47111,47115,47105,47114,9
night,2345,202610,47108,47113,47105,47113,7
night,2346,202610,47106,47106,47098,47103,7
night,2347,202610,47105,47105,47092,47092,12
night,2348,202610,47094,47097,47094,47097,4
night,2349,202610,47094,47099,47088,47088,19
night,2350,202610,47098,47098,47082,47086,16
night,2351,202610,47090,47090,47085,47086,12
night,2352,202610,47092,47102,47092,47102,6
night,2353,202610,47099,47099,47098,47098,3
night,2354,202610,47093,47093,47093,47093,1
night,2355,202610,47093,47093,47089,47093,4
night,2356,202610,47088,47095,47088,47095,11
night,2357,202610,47095,47103,47095,47101,21
night,2358,202610,47102,47113,47102,47113,14
night,2359,202610,47111,47116,47109,47116,13
night,0000,202610,47118,47126,47118,47125,66
night,0001,202610,47125,47127,47122,47122,18
night,0002,202610,47123,47130,47123,47130,35
night,0003,202610,47130,47131,47113,47116,27
night,0004,202610,47119,47125,47113,47113,13
night,0005,202610,47118,47118,47111,47112,3
night,0006,202610,47108,47108,47106,47107,10
night,0007,202610,47101,47115,47101,47115,10
night,0008,202610,47111,47116,47109,47116,8
night,0009,202610,47114,47135,47114,47135,23
night,0010,202610,47136,47136,47128,47128,10
night,0011,202610,47126,47134,47126,47134,5
night,0012,202610,47134,47137,47130,47137,15
night,0013,202610,47135,47135,47128,47128,11
night,0014,202610,47128,47134,47128,47134,21
night,0015,202610,47131,47131,47128,47129,6
night,0016,202610,47127,47133,47127,47133,11
night,0017,202610,47133,47133,47132,47132,7
night,0018,202610,47133,47138,47133,47138,26
night,0019,202610,47138,47143,47130,47143,37
night,0020,202610,47139,47140,47132,47135,7
night,0021,202610,47137,47145,47136,47145,20
night,0022,202610,47144,47155,47142,47142,78
night,0023,202610,47145,47153,47143,47150,15
night,0024,202610,47148,47157,47147,47153,34
night,0025,202610,47150,47161,47150,47152,36
night,0026,202610,47152,47153,47149,47151,9
night,0027,202610,47152,47154,47151,47151,4
night,0028,202610,47153,47153,47149,47149,19
night,0029,202610,47150,47155,47147,47152,17
night,0030,202610,47153,47156,47151,47151,5
night,0031,202610,47150,47150,47140,47143,33
night,0032,202610,47143,47150,47143,47145,20
night,0033,202610,47140,47145,47133,47133,18
night,0034,202610,47132,47133,47127,47130,23
night,0035,202610,47132,47134,47125,47131,27
night,0036,202610,47131,47138,47129,47138,7
night,0037,202610,47139,47142,47139,47140,9
night,0038,202610,47141,47149,47140,47149,16
night,0039,202610,47144,47144,47138,47141,11
night,0040,202610,47140,47150,47140,47146,7
night,0041,202610,47149,47155,47148,47152,15
night,0042,202610,47156,47159,47155,47159,26
night,0043,202610,47159,47166,47159,47164,34
night,0044,202610,47164,47169,47159,47166,26
night,0045,202610,47166,47166,47157,47157,9
night,0046,202610,47157,47165,47157,47165,7
night,0047,202610,47165,47173,47163,47166,30
night,0048,202610,47169,47169,47165,47166,13
night,0049,202610,47167,47167,47164,47164,3
night,0050,202610,47163,47163,47160,47160,7
night,0051,202610,47158,47158,47152,47154,12
night,0052,202610,47164,47164,47164,47164,1
night,0053,202610,47163,47163,47160,47160,2
night,0054,202610,47164,47165,47161,47165,7
night,0055,202610,47166,47169,47120,47126,237
night,0056,202610,47129,47131,47116,47127,63
night,0057,202610,47124,47133,47105,47133,75
night,0058,202610,47132,47151,47132,47142,50
night,0059,202610,47148,47167,47148,47167,20
night,0100,202610,47164,47186,47164,47185,60
night,0101,202610,47185,47194,47181,47192,51
night,0102,202610,47189,47194,47185,47185,14
night,0103,202610,47183,47193,47168,47183,62
night,0104,202610,47182,47190,47182,47190,11
night,0105,202610,47194,47194,47189,47191,12
night,0106,202610,47194,47205,47194,47202,74
night,0107,202610,47201,47203,47201,47202,4
night,0108,202610,47205,47205,47187,47189,17
night,0109,202610,47189,47189,47188,47188,3
night,0110,202610,47187,47188,47183,47187,9
night,0111,202610,47190,47192,47188,47189,6
night,0112,202610,47185,47186,47181,47181,9
night,0113,202610,47185,47185,47185,47185,2
night,0114,202610,47184,47184,47180,47180,4
night,0115,202610,47180,47180,47174,47174,3
night,0116,202610,47174,47183,47172,47183,25
night,0117,202610,47185,47186,47181,47181,4
night,0118,202610,47180,47181,47175,47176,13
night,0119,202610,47180,47180,47180,47180,1
night,0120,202610,47180,47181,47175,47175,9
night,0121,202610,47175,47175,47165,47165,7
night,0122,202610,47170,47173,47170,47171,6
night,0123,202610,47170,47171,47169,47169,4
night,0124,202610,47167,47169,47161,47161,10
night,0125,202610,47167,47171,47163,47170,25
night,0126,202610,47169,47169,47163,47166,9
night,0127,202610,47170,47177,47170,47175,8
night,0128,202610,47172,47172,47170,47170,3
night,0129,202610,47166,47166,47166,47166,2
night,0130,202610,47165,47165,47160,47160,7
night,0131,202610,47158,47158,47155,47155,5
night,0132,202610,47151,47161,47150,47160,11
night,0133,202610,47163,47163,47158,47158,11
night,0134,202610,47165,47166,47165,47166,2
night,0135,202610,47168,47175,47168,47175,3
night,0136,202610,47176,47176,47160,47168,15
night,0137,202610,47165,47165,47157,47157,3
night,0138,202610,47155,47157,47154,47157,5
night,0139,202610,47153,47154,47153,47154,3
night,0140,202610,47151,47161,47151,47160,12
night,0141,202610,47157,47168,47157,47167,7
night,0142,202610,47167,47169,47165,47165,7
night,0143,202610,47165,47165,47165,47165,1
night,0144,202610,47166,47172,47166,47172,6
night,0145,202610,47170,47170,47166,47166,2
night,0146,202610,47166,47166,47166,47166,4
night,0147,202610,47168,47173,47168,47173,8
night,0148,202610,47172,47175,47169,47169,9
night,0149,202610,47170,47174,47170,47174,5
night,0150,202610,47170,47172,47161,47161,14
night,0151,202610,47162,47168,47161,47166,7
night,0152,202610,47161,47162,47161,47162,2
night,0153,202610,47162,47162,47158,47158,5
night,0154,202610,47156,47156,47153,47153,7
night,0155,202610,47153,47160,47152,47160,7
night,0156,202610,47164,47170,47164,47166,4
night,0157,202610,47170,47171,47170,47171,3
night,0158,202610,47172,47178,47172,47173,9
night,0159,202610,47175,47175,47175,47175,1
night,0200,202610,47179,47187,47179,47180,19
night,0201,202610,47174,47178,47168,47178,8
night,0203,202610,47170,47170,47168,47168,2
night,0204,202610,47177,47177,47177,47177,1
night,0205,202610,47177,47182,47176,47182,7
night,0206,202610,47177,47177,47177,47177,1
night,0207,202610,47168,47168,47167,47168,3
night,0209,202610,47170,47170,47170,47170,5
night,0210,202610,47170,47170,47170,47170,2
night,0211,202610,47175,47181,47173,47180,5
night,0212,202610,47189,47190,47189,47190,2
night,0213,202610,47193,47193,47189,47189,3
night,0214,202610,47191,47200,47191,47197,22
night,0215,202610,47200,47200,47195,47195,10
night,0216,202610,47195,47195,47186,47186,10
night,0217,202610,47185,47188,47185,47188,5
night,0219,202610,47189,47190,47188,47190,4
night,0220,202610,47191,47195,47191,47195,3
night,0221,202610,47195,47195,47185,47185,3
night,0222,202610,47178,47178,47178,47178,1
night,0223,202610,47183,47183,47183,47183,1
night,0224,202610,47185,47185,47180,47180,4
night,0225,202610,47183,47183,47183,47183,1
night,0226,202610,47185,47186,47185,47186,5
night,0227,202610,47189,47189,47189,47189,2
night,0228,202610,47189,47189,47186,47186,2
night,0229,202610,47188,47188,47188,47188,1
night,0230,202610,47194,47196,47191,47195,9
night,0231,202610,47192,47193,47192,47193,2
night,0232,202610,47188,47188,47188,47188,1
night,0234,202610,47185,47191,47182,47182,32
night,0236,202610,47181,47181,47175,47175,4
night,0237,202610,47176,47181,47176,47181,3
night,0239,202610,47180,47180,47180,47180,1
night,0240,202610,47177,47177,47172,47172,4
night,0241,202610,47182,47182,47179,47179,2
night,0242,202610,47179,47179,47174,47174,7
night,0243,202610,47179,47184,47178,47178,11
night,0244,202610,47182,47182,47182,47182,2
night,0247,202610,47184,47185,47183,47184,5
night,0248,202610,47185,47192,47185,47191,4
night,0249,202610,47189,47189,47189,47189,5
night,0250,202610,47182,47182,47182,47182,3
night,0251,202610,47183,47183,47183,47183,1
night,0252,202610,47182,47182,47177,47177,10
night,0253,202610,47170,47175,47170,47175,3
night,0255,202610,47177,47177,47173,47173,4
night,0256,202610,47172,47178,47169,47178,4
night,0257,202610,47177,47177,47172,47172,3
night,0258,202610,47179,47180,47174,47180,7
night,0259,202610,47179,47179,47178,47178,3
night,0300,202610,47175,47186,47174,47186,26
night,0301,202610,47183,47183,47179,47179,2
night,0302,202610,47179,47179,47176,47176,2
night,0303,202610,47179,47186,47179,47186,4
night,0304,202610,47184,47187,47184,47187,4
night,0305,202610,47188,47192,47188,47191,7
night,0306,202610,47194,47200,47194,47200,9
night,0307,202610,47200,47200,47195,47198,11
night,0308,202610,47200,47200,47196,47197,7
night,0309,202610,47190,47190,47189,47189,8
night,0310,202610,47185,47185,47185,47185,1
night,0312,202610,47185,47186,47176,47186,18
night,0313,202610,47183,47186,47183,47186,5
night,0314,202610,47176,47178,47176,47178,3
night,0315,202610,47175,47175,47172,47172,7
night,0316,202610,47174,47174,47169,47171,6
night,0317,202610,47174,47174,47174,47174,1
night,0318,202610,47170,47176,47170,47174,6
night,0319,202610,47175,47179,47175,47179,2
night,0320,202610,47180,47180,47180,47180,2
night,0321,202610,47183,47183,47175,47176,26
night,0322,202610,47176,47176,47174,47174,4
night,0323,202610,47173,47174,47173,47174,2
night,0324,202610,47170,47170,47159,47161,27
night,0325,202610,47167,47172,47166,47172,4
night,0326,202610,47172,47172,47158,47158,9
night,0327,202610,47154,47155,47147,47151,25
night,0328,202610,47149,47149,47143,47145,14
night,0329,202610,47144,47148,47143,47143,7
night,0330,202610,47152,47155,47148,47155,5
night,0331,202610,47160,47173,47160,47172,5
night,0332,202610,47170,47171,47167,47170,5
night,0333,202610,47167,47173,47167,47173,7
night,0334,202610,47171,47172,47165,47172,25
night,0335,202610,47174,47174,47174,47174,5
night,0336,202610,47171,47173,47170,47170,5
night,0337,202610,47166,47166,47164,47164,3
night,0338,202610,47165,47165,47162,47162,5
night,0339,202610,47158,47159,47156,47156,5
night,0340,202610,47164,47164,47157,47157,4
night,0341,202610,47151,47151,47144,47145,21
night,0342,202610,47146,47146,47141,47142,5
night,0343,202610,47146,47146,47146,47146,3
night,0344,202610,47145,47153,47145,47153,9
night,0345,202610,47153,47159,47149,47159,7
night,0347,202610,47152,47155,47149,47154,6
night,0348,202610,47158,47158,47153,47153,4
night,0349,202610,47151,47151,47151,47151,1
night,0350,202610,47154,47159,47146,47157,30
night,0351,202610,47159,47159,47159,47159,1
night,0353,202610,47155,47166,47150,47163,8
night,0354,202610,47163,47165,47145,47152,31
night,0355,202610,47147,47160,47145,47157,17
night,0356,202610,47162,47165,47157,47165,4
night,0357,202610,47166,47170,47152,47152,10
night,0358,202610,47150,47158,47150,47152,10
night,0359,202610,47145,47148,47133,47135,50
night,0400,202610,47141,47144,47134,47136,44
night,0401,202610,47142,47149,47137,47149,27
night,0402,202610,47148,47154,47145,47154,11
night,0403,202610,47155,47155,47152,47153,3
night,0404,202610,47153,47153,47151,47153,3
night,0405,202610,47157,47160,47154,47160,4
night,0406,202610,47161,47161,47161,47161,2
night,0407,202610,47166,47169,47166,47169,2
night,0408,202610,47167,47170,47164,47166,8
night,0410,202610,47170,47170,47158,47158,7
night,0411,202610,47162,47164,47160,47160,7
night,0412,202610,47159,47162,47159,47161,5
night,0413,202610,47157,47161,47157,47161,3
night,0414,202610,47158,47160,47154,47160,7
night,0415,202610,47160,47160,47157,47157,3
night,0416,202610,47156,47158,47148,47148,18
night,0417,202610,47155,47155,47153,47153,5
night,0418,202610,47155,47155,47151,47151,4
night,0419,202610,47151,47151,47151,47151,1
night,0420,202610,47157,47157,47150,47150,5
night,0421,202610,47150,47155,47150,47155,2
night,0422,202610,47154,47154,47154,47154,1
night,0423,202610,47154,47154,47154,47154,1
night,0424,202610,47154,47154,47152,47152,2
night,0425,202610,47155,47155,47155,47155,1
night,0427,202610,47156,47160,47156,47160,3
night,0428,202610,47162,47162,47154,47154,5
night,0429,202610,47156,47156,47152,47152,4
night,0430,202610,47153,47157,47153,47157,3
night,0433,202610,47156,47156,47152,47152,8
night,0434,202610,47159,47164,47159,47164,4
night,0435,202610,47160,47162,47156,47162,8
night,0436,202610,47165,47165,47163,47163,2
night,0437,202610,47161,47161,47161,47161,1
night,0443,202610,47162,47163,47155,47163,10
night,0444,202610,47163,47163,47162,47162,2
night,0445,202610,47162,47162,47153,47156,23
night,0446,202610,47159,47166,47156,47166,9
night,0447,202610,47164,47164,47152,47153,17
night,0448,202610,47155,47155,47150,47155,13
night,0449,202610,47153,47154,47150,47154,3
night,0450,202610,47152,47152,47150,47150,7
night,0451,202610,47149,47149,47147,47148,5
night,0452,202610,47153,47153,47152,47152,2
night,0453,202610,47153,47153,47151,47151,5
night,0454,202610,47156,47157,47156,47157,2
night,0455,202610,47157,47157,47144,47152,18
night,0456,202610,47149,47149,47143,47145,9
night,0457,202610,47149,47157,47146,47157,20
night,0458,202610,47154,47158,47154,47155,8
night,0459,202610,47159,47161,47146,47160,37
day,0845,202610,47080,47146,47059,47130,700
day,0846,202610,47127,47196,47119,47174,373
day,0847,202610,47171,47186,47136,47136,195
day,0848,202610,47141,47154,47134,47142,97
day,0849,202610,47145,47159,47135,47135,84
day,0850,202610,47141,47144,47107,47139,155
day,0851,202610,47136,47136,47108,47113,70
day,0852,202610,47114,47120,47096,47118,171
day,0853,202610,47115,47131,47115,47131,59
day,0854,202610,47128,47131,47121,47127,39
day,0855,202610,47128,47131,47115,47128,73
day,0856,202610,47124,47146,47122,47144,56
day,0857,202610,47147,47155,47133,47145,88
day,0858,202610,47145,47165,47140,47160,75
day,0859,202610,47160,47176,47144,47150,129
day,0900,202610,47154,47178,47088,47091,552
day,0901,202610,47094,47138,47093,47129,311
day,0902,202610,47129,47163,47112,47119,315
day,0903,202610,47123,47144,47110,47136,286
day,0904,202610,47136,47145,47074,47075,339
day,0905,202610,47079,47113,47065,47103,283
day,0906,202610,47102,47120,47083,47109,174
day,0907,202610,47111,47132,47107,47128,121
day,0908,202610,47126,47150,47108,47120,208
day,0909,202610,47118,47125,47082,47082,185
day,0910,202610,47088,47111,47072,47104,159
day,0911,202610,47108,47113,47081,47104,166
day,0912,202610,47106,47107,47073,47091,141
day,0913,202610,47094,47105,47063,47099,201
day,0914,202610,47104,47127,47084,47087,248
day,0915,202610,47089,47095,47062,47062,207
day,0916,202610,47062,47069,47016,47044,484
day,0917,202610,47048,47073,47007,47052,518
day,0918,202610,47052,47054,47010,47011,279
day,0919,202610,47011,47056,47000,47053,395
day,0920,202610,47052,47054,47016,47040,250
day,0921,202610,47039,47056,47021,47053,172
day,0922,202610,47050,47054,47035,47037,105
day,0923,202610,47038,47052,47004,47004,164
day,0924,202610,47003,47023,46987,47016,187
day,0925,202610,47016,47018,46964,46973,248
day,0926,202610,46974,46990,46939,46990,319
day,0927,202610,46992,47002,46977,46977,210
day,0928,202610,46979,46980,46950,46980,127
day,0929,202610,46977,47000,46969,46983,110
day,0930,202610,46980,47016,46968,47010,148
day,0931,202610,47010,47022,46990,46996,145
day,0932,202610,47001,47011,46985,46998,122
day,0933,202610,46998,46998,46950,46952,206
day,0934,202610,46953,46980,46945,46967,155
day,0935,202610,46964,46986,46940,46977,158
day,0936,202610,46973,47010,46967,46997,139
day,0937,202610,46999,47011,46986,46989,110
day,0938,202610,46988,47002,46970,46972,136
day,0939,202610,46968,46997,46963,46969,86
day,0940,202610,46965,47000,46960,46996,166
day,0941,202610,46993,47001,46981,47000,85
day,0942,202610,47000,47029,46984,46992,184
day,0943,202610,46989,47004,46977,46981,118
day,0944,202610,46978,46980,46948,46958,138
day,0945,202610,46958,46990,46953,46983,102
day,0946,202610,46982,47005,46979,47005,92
day,0947,202610,47000,47006,46991,46995,61
day,0948,202610,46993,46994,46960,46968,166
day,0949,202610,46972,46990,46959,46964,132
day,0950,202610,46960,46963,46933,46940,282
day,0951,202610,46938,46978,46932,46977,152
day,0952,202610,46974,46994,46966,46988,102
day,0953,202610,46985,47010,46982,46990,254
day,0954,202610,46994,46996,46965,46980,79
day,0955,202610,46980,46988,46952,46964,113
day,0956,202610,46966,46974,46961,46964,67
day,0957,202610,46965,46984,46962,46977,61
day,0958,202610,46978,46994,46972,46982,84
day,0959,202610,46983,47000,46983,46998,76
day,1000,202610,46997,47045,46997,47023,283
day,1001,202610,47021,47025,46996,47017,163
day,1002,202610,47014,47020,47001,47007,66
day,1003,202610,47009,47016,46990,46995,79
day,1004,202610,46996,47029,46994,47021,93
day,1005,202610,47018,47036,47018,47033,103
day,1006,202610,47035,47038,47000,47004,144
day,1007,202610,47007,47014,47001,47014,51
day,1008,202610,47012,47039,47009,47014,63
day,1009,202610,47019,47024,47003,47003,44
day,1010,202610,47007,47007,46977,46992,117
day,1011,202610,46992,47004,46984,46988,49
day,1012,202610,46988,46994,46970,46990,67
day,1013,202610,46989,46989,46970,46980,51
day,1014,202610,46984,46984,46970,46977,43
day,1015,202610,46976,46995,46976,46993,42
day,1016,202610,46992,47014,46989,47001,84
day,1017,202610,47002,47003,46969,46972,108
day,1018,202610,46969,47000,46969,47000,39
day,1019,202610,47000,47000,46978,46978,44
day,1020,202610,46987,46987,46950,46950,107
day,1021,202610,46950,46952,46927,46946,137
day,1022,202610,46946,46946,46909,46909,179
day,1023,202610,46911,46975,46897,46969,364
day,1024,202610,46971,46985,46953,46977,140
day,1025,202610,46984,46995,46970,46987,88
day,1026,202610,46985,47010,46985,46996,116
day,1027,202610,46992,46992,46974,46987,72
day,1028,202610,46989,46996,46978,46989,50
day,1029,202610,46987,47006,46982,47001,62
day,1030,202610,46995,47015,46994,47014,99
day,1031,202610,47014,47034,47005,47008,157
day,1032,202610,47007,47018,47002,47013,53
day,1033,202610,47012,47049,47012,47037,99
day,1034,202610,47042,47055,47026,47026,123
day,1035,202610,47027,47038,47012,47012,70
day,1036,202610,47013,47022,47007,47015,43
day,1037,202610,47017,47021,47001,47001,54
day,1038,202610,47000,47011,46998,47004,52
day,1039,202610,47010,47025,47008,47008,24
day,1040,202610,47005,47009,46992,47002,56
day,1041,202610,47007,47017,47002,47012,29
day,1042,202610,47014,47029,47008,47025,42
day,1043,202610,47026,47031,47017,47020,42
day,1044,202610,47020,47029,47011,47014,48
day,1045,202610,47013,47018,47005,47014,43
day,1046,202610,47014,47033,47009,47031,34
day,1047,202610,47033,47033,47010,47021,39
day,1048,202610,47023,47023,47014,47018,14
day,1049,202610,47013,47020,47001,47020,45
day,1050,202610,47019,47037,47019,47021,101
day,1051,202610,47020,47021,47002,47002,86
day,1052,202610,47005,47006,46995,46997,48
day,1053,202610,46997,47005,46994,46994,22
day,1054,202610,47000,47016,46998,47003,65
day,1055,202610,47002,47009,46992,47009,80
day,1056,202610,47009,47018,46981,46984,60
day,1057,202610,46986,46996,46967,46967,63
day,1058,202610,46968,46976,46952,46968,103
day,1059,202610,46978,46986,46965,46982,43
day,1100,202610,46986,46992,46978,46992,36
day,1101,202610,46992,47016,46989,47014,67
day,1102,202610,47012,47030,47000,47000,77
day,1103,202610,46998,47004,46981,47004,47
day,1104,202610,47002,47033,47002,47033,76
day,1105,202610,47032,47052,47027,47043,159
day,1106,202610,47046,47080,47046,47079,344
day,1107,202610,47080,47120,47078,47106,334
day,1108,202610,47107,47135,47098,47127,259
day,1109,202610,47128,47152,47122,47147,233
day,1110,202610,47147,47169,47135,47160,274
day,1111,202610,47157,47250,47151,47236,1047
day,1112,202610,47239,47253,47213,47229,397
day,1113,202610,47220,47262,47218,47242,364
day,1114,202610,47246,47308,47245,47285,465
day,1115,202610,47281,47295,47243,47255,349
day,1116,202610,47253,47262,47209,47211,274
day,1117,202610,47212,47223,47154,47160,357
day,1118,202610,47155,47160,47131,47158,231
day,1119,202610,47154,47199,47154,47199,153
day,1120,202610,47197,47221,47180,47221,146
day,1121,202610,47220,47234,47207,47234,125
day,1122,202610,47229,47246,47226,47239,182
day,1123,202610,47239,47248,47213,47215,95
day,1124,202610,47217,47235,47217,47233,52
day,1125,202610,47234,47252,47234,47237,148
day,1126,202610,47241,47254,47236,47247,83
day,1127,202610,47248,47255,47225,47227,86
day,1128,202610,47224,47250,47224,47244,75
day,1129,202610,47245,47245,47230,47239,56
day,1130,202610,47236,47260,47232,47249,141
day,1131,202610,47250,47252,47229,47229,95
day,1132,202610,47231,47237,47220,47228,94
day,1133,202610,47230,47243,47230,47243,42
day,1134,202610,47245,47254,47223,47225,92
day,1135,202610,47223,47231,47214,47227,96
day,1136,202610,47229,47230,47219,47220,45
day,1137,202610,47221,47223,47198,47202,109
day,1138,202610,47204,47207,47195,47195,51
day,1139,202610,47190,47200,47176,47200,98
day,1140,202610,47200,47231,47198,47223,97
day,1141,202610,47222,47242,47222,47235,72
day,1142,202610,47240,47248,47222,47224,55
day,1143,202610,47227,47240,47227,47232,43
day,1144,202610,47233,47233,47222,47225,40
day,1145,202610,47230,47250,47230,47246,100
day,1146,202610,47248,47273,47248,47271,209
day,1147,202610,47266,47285,47263,47281,152
day,1148,202610,47280,47293,47270,47293,133
day,1149,202610,47295,47302,47279,47285,169
day,1150,202610,47287,47328,47284,47319,305
day,1151,202610,47317,47321,47294,47296,137
day,1152,202610,47296,47303,47286,47303,88
day,1153,202610,47305,47305,47291,47301,52
day,1154,202610,47294,47296,47276,47276,72
day,1155,202610,47275,47296,47273,47295,48
day,1156,202610,47300,47300,47284,47288,53
day,1157,202610,47290,47293,47266,47269,79
day,1158,202610,47271,47271,47250,47251,156
day,1159,202610,47251,47277,47248,47261,228
day,1200,202610,47265,47278,47254,47254,169
day,1201,202610,47257,47272,47253,47258,33
day,1202,202610,47258,47278,47258,47275,68
day,1203,202610,47278,47285,47275,47283,44
day,1204,202610,47285,47300,47281,47289,100
day,1205,202610,47289,47300,47280,47300,78
day,1206,202610,47300,47300,47275,47286,130
day,1207,202610,47285,47300,47282,47290,98
day,1208,202610,47288,47291,47282,47282,28
day,1209,202610,47282,47283,47268,47279,75
day,1210,202610,47283,47300,47283,47288,62
day,1211,202610,47286,47300,47280,47290,175
day,1212,202610,47293,47298,47283,47283,34
day,1213,202610,47290,47303,47288,47289,75
day,1214,202610,47290,47298,47287,47294,46
day,1215,202610,47296,47341,47295,47332,493
day,1216,202610,47330,47339,47309,47314,239
day,1217,202610,47313,47320,47292,47300,117
day,1218,202610,47302,47302,47278,47279,80
day,1219,202610,47281,47300,47281,47300,78
day,1220,202610,47295,47295,47271,47272,68
day,1221,202610,47275,47290,47275,47286,43
day,1222,202610,47290,47294,47288,47292,29
day,1223,202610,47289,47296,47278,47296,40
day,1224,202610,47294,47297,47277,47279,41
day,1225,202610,47280,47290,47274,47285,63
day,1226,202610,47288,47304,47285,47302,113
day,1227,202610,47304,47305,47280,47283,51
day,1228,202610,47286,47288,47274,47284,59
day,1229,202610,47286,47307,47286,47307,56
day,1230,202610,47308,47323,47308,47321,112
day,1231,202610,47317,47329,47314,47324,80
day,1232,202610,47322,47344,47322,47326,228
day,1233,202610,47327,47341,47326,47335,50
day,1234,202610,47333,47342,47321,47321,91
day,1235,202610,47323,47345,47322,47343,64
day,1236,202610,47341,47345,47333,47336,33
day,1237,202610,47336,47353,47336,47346,145
day,1238,202610,47346,47355,47346,47348,50
day,1239,202610,47350,47360,47336,47349,124
day,1240,202610,47354,47357,47329,47341,99
day,1241,202610,47340,47364,47334,47359,205
day,1242,202610,47365,47391,47357,47385,242
day,1243,202610,47385,47407,47377,47403,235
day,1244,202610,47404,47406,47388,47393,179
day,1245,202610,47397,47402,47387,47397,135
day,1246,202610,47400,47400,47386,47399,62
day,1247,202610,47397,47400,47385,47385,35
day,1248,202610,47385,47402,47383,47398,100
day,1249,202610,47398,47418,47397,47409,171
day,1250,202610,47412,47433,47407,47420,142
day,1251,202610,47412,47423,47401,47423,87
day,1252,202610,47422,47438,47419,47437,206
day,1253,202610,47437,47449,47432,47443,162
day,1254,202610,47444,47454,47435,47435,143
day,1255,202610,47438,47446,47424,47426,122
day,1256,202610,47427,47428,47414,47418,108
day,1257,202610,47420,47420,47390,47403,192
day,1258,202610,47401,47406,47395,47395,97
day,1259,202610,47397,47400,47390,47391,90
day,1300,202610,47391,47434,47386,47432,169
day,1301,202610,47432,47445,47432,47437,103
day,1302,202610,47438,47442,47433,47433,42
day,1303,202610,47432,47464,47429,47457,167
day,1304,202610,47454,47462,47452,47462,69
day,1305,202610,47462,47463,47430,47430,153
day,1306,202610,47429,47436,47420,47420,167
day,1307,202610,47419,47457,47419,47455,113
day,1308,202610,47452,47452,47432,47432,74
day,1309,202610,47432,47438,47425,47438,62
day,1310,202610,47436,47444,47426,47433,83
day,1311,202610,47430,47436,47422,47422,99
day,1312,202610,47425,47425,47406,47409,127
day,1313,202610,47409,47412,47403,47406,112
day,1314,202610,47406,47427,47404,47417,121
day,1315,202610,47417,47417,47401,47404,143
day,1316,202610,47402,47414,47397,47399,110
day,1317,202610,47401,47409,47398,47402,86
day,1318,202610,47404,47422,47396,47417,133
day,1319,202610,47419,47425,47412,47412,88
day,1320,202610,47414,47417,47390,47391,197
day,1321,202610,47392,47399,47390,47398,148
day,1322,202610,47398,47405,47392,47394,134
day,1323,202610,47394,47405,47394,47400,99
day,1324,202610,47399,47424,47399,47422,112
day,1325,202610,47424,47460,47408,47414,421
day,1326,202610,47411,47420,47405,47405,157
day,1327,202610,47406,47407,47385,47386,239
day,1328,202610,47386,47401,47386,47392,142
day,1329,202610,47390,47391,47364,47377,369
day,1330,202610,47379,47398,47359,47397,589
day,1331,202610,47399,47400,47375,47398,288
day,1332,202610,47396,47404,47386,47393,289
day,1333,202610,47393,47401,47379,47393,305
day,1334,202610,47393,47402,47384,47394,211
day,1335,202610,47395,47399,47383,47384,319
day,1336,202610,47383,47412,47380,47412,237
day,1337,202610,47409,47424,47398,47424,224
day,1338,202610,47424,47440,47419,47434,247
day,1339,202610,47437,47438,47409,47432,285
day,1340,202610,47436,47442,47427,47437,248
day,1341,202610,47434,47444,47434,47438,209
day,1342,202610,47441,47441,47424,47436,254
day,1343,202610,47436,47445,47435,47437,645
day,1344,202610,47435,47442,47417,47418,1076
